{"type": "FeatureCollection", "totalFeatures": 1, "features": [{"type": "Feature", "id": "emel_gira_stations.201", "geometry": {"type": "MultiPoint", "coordinates": [[-9.14773, 38.74456]]}, "geometry_name": "geom", "properties": {"id_expl": "446", "id_planeamento": "446", "desig_comercial": "446 - Av. Rep\u00fablica / Interface Entrecampos ", "tipo_servico_niveis": "A", "num_bicicletas": 30, "num_docas": 40, "racio": 0.75, "estado": "active", "update_date": "2019-04-09T00:25:06Z", "bbox": [-9.14773, 38.74456, -9.14773, 38.74456]}}], "crs": {"type": "name", "properties": {"name": "urn:ogc:def:crs:EPSG::4326"}}, "bbox": [-9.14773, 38.74456, -9.14773, 38.74456]}